alpha,c_short,c_long,h_inf,dataset,subset_or_config,path,num_documents
0.590703945580102,5.809166666666667,2.364876302083333,2.229583203424592,Stack Edu Python,,zaydzuhri/stack-edu-python,10000
0.5359324971337298,5.612916666666667,1.775830078125,1.5687315721429431,Paloma,dolma_100_programing_languages,allenai/paloma,7482
0.5182860429820573,5.655,1.9812044270833333,1.7613153733916775,Proof Pile 2,algebraic-stack,aklein4/proof-pile-2-fixed,10000
0.4954447333480853,5.345416666666667,1.613330078125,1.3577235626964572,StarCoderData,,bigcode/starcoderdata,10000
0.49134510741639154,5.5625,1.968466796875,1.716258341132536,Python Code (structured code),,transformersbook/codeparrot-train,10000
0.4912107098144542,6.773333333333333,3.1080078125,2.850591246617913,Paloma,4chan_meta_sep,allenai/paloma,498
0.4898035651111774,6.300833333333333,3.0017154947916667,2.7680742559590903,Paloma,mc4,allenai/paloma,1108
0.48590131453573315,5.234375,1.6996126302083334,1.443410489689577,The Stack Dedup,,bigcode/the-stack-dedup,10000
0.4429336740861783,6.3133333333333335,2.77595703125,2.4441139403248893,FineMath,finemath-3plus,HuggingFaceTB/finemath,10000
0.42999841306438724,6.274583333333333,3.0411002604166666,2.7129191287957304,The Pile Deduplicated,,EleutherAI/the_pile_deduplicated,10000
0.4264505100778973,6.236041666666667,3.1562565104166667,2.836820185264844,Paloma,dolma-v1_5,allenai/paloma,4563
0.423580864404292,5.386458333333334,1.4814127604166667,1.0691976508818304,The Stack,,bigcode/the-stack,10000
0.4162008381461804,6.444791666666666,3.00947265625,2.630020524889155,Proof Pile 2,open-web-math,aklein4/proof-pile-2-fixed,10000
0.41523194543489794,6.285,2.84763671875,2.4656861296548143,Pile Uncopyrighted,,monology/pile-uncopyrighted,10000
0.411487041739564,6.32375,3.2848990885416667,2.939339015784914,SmolLM Corpus,fineweb-edu-dedup,HuggingFaceTB/smollm-corpus,10000
0.4095153581985282,6.43375,3.4198372395833334,3.0729116168837263,FineWeb,default,HuggingFaceFW/fineweb,10000
0.4066481763851182,6.395416666666667,3.4241959635416666,3.0760612176496482,Paloma,falcon-refinedweb,allenai/paloma,1539
0.4040967835071787,6.421875,3.3837109375,3.022056583302408,Paloma,c4_en,allenai/paloma,2077
0.39462818520747256,6.339791666666667,3.35099609375,2.973617545154719,Paloma,manosphere_meta_sep,allenai/paloma,1769
0.39307841624118467,6.2439583333333335,2.721533203125,2.2724482336364145,TinyStories (minimal logic),,roneneldan/TinyStories,10000
0.3930008721242309,6.428541666666667,3.33435546875,2.9396767108067223,DCLM Baseline,,mlfoundations/dclm-baseline-1.0,10000
0.3904805416249845,6.3620833333333335,3.3322298177083334,2.9396130534875766,C4,en,allenai/c4,10000
0.3885291396503806,6.379375,2.9666959635416665,2.5190292516663835,Paloma,redpajama,allenai/paloma,631
0.3859836838330607,6.300625,3.455042317708333,3.075752468768487,Paloma,dolma_100_subreddits,allenai/paloma,10000
0.38346082424744266,6.340625,3.2396842447916665,2.819746011628029,FineWeb-Edu,default,HuggingFaceFW/fineweb-edu,10000
0.3821276994784798,6.465625,3.3287369791666666,2.9003482351901138,OpenWebText (noisy web),,Skylion007/openwebtext,10000
0.37700875073632806,6.409166666666667,3.313427734375,2.876769118444288,Paloma,c4_100_domains,allenai/paloma,10000
0.3650825397153691,6.408333333333333,3.3414420572916668,2.874776537720399,BookCorpus (long-form literature),,incredible45/Gutenberg-BookCorpus-Cleaned-Data-English,10000
0.3589543344228335,6.652916666666667,3.954195963541667,3.527111548022466,Paloma,twitterAAE_HELM_fixed,allenai/paloma,4157
0.3475868835788747,6.347291666666667,3.079928385416667,2.523481525171229,WikiText-103 (high-quality wiki),wikitext-103-raw-v1,Salesforce/wikitext,10000
0.34282198183444534,6.4025,2.5418359375,1.8636510050998247,Proof Pile 2,arxiv,aklein4/proof-pile-2-fixed,10000
0.33436909533213727,6.434583333333333,2.5011100260416668,1.770819769066193,SlimPajama,,MBZUAI-LLM/SlimPajama-627B-DC,10000
0.3340925752532072,6.3097916666666665,3.324462890625,2.769196813591448,SmolLM Corpus,cosmopedia-v2,HuggingFaceTB/smollm-corpus,10000
0.33189862820850585,6.753333333333333,4.1590234375,3.6694653395987165,Paloma,gab,allenai/paloma,10000
0.32842717400957333,6.379166666666666,2.7655794270833334,2.0678664134102616,Paloma,m2d2_s2orc_unsplit,allenai/paloma,167
0.2780913890650637,6.296458333333334,3.42634765625,2.645203134869687,Cosmopedia,stories,HuggingFaceTB/cosmopedia,10000
